INSERT INTO tamanho (codigo, nome, qtdesabores) VALUES
    ('P', 'PEQUENA', 1),
    ('M', 'MEDIA', 2),
    ('G', 'GRANDE', 3),
    ('F', 'FAMILIA', 4);

INSERT INTO tipo (codigo, nome) VALUES
    (1, 'PIZZAS SALGADAS TRADICIONAIS'),
    (2, 'PIZZAS SALGADAS ESPECIAIS'),
    (3, 'PIZZAS DOCES TRADICIONAIS');

INSERT INTO fornecedor (codigo, nome, contato, endereco) VALUES
    (1, 'LEONARDO BRAGA', '+55 (51) 99456-7890', '{"LOGRADOURO": "AVENIDA 23 DE MAIO", "NUMERO": "1283", "BAIRRO": "MOINHOS DE VENTO", "COMPLEMENTO": "PERTO DA RUA DOS JARDINS", "CIDADE": "PELOTAS", "ESTADO": "RS", "CEP": "12345-678"}'),
    (2, 'ANA PERNAS', '+55 (54) 98654-3210', '{"LOGRADOURO": "RUA 9 DE JULHO", "NUMERO": "1478", "BAIRRO": "PETRÓPOLIS", "COMPLEMENTO": "À BEIRA DA AVENIDA CENTRAL", "CIDADE": "PORTO ALEGRE", "ESTADO": "RS", "CEP": "98765-432"}'),
    (3, 'WILLIAM KOLODZIEJSKI', '+55 (53) 98123-4567', '{"LOGRADOURO": "RUA 15 DE NOVEMBRO", "NUMERO": "932", "BAIRRO": "TRISTEZA", "COMPLEMENTO": "AO LONGO DA RUA DAS FLORES", "CIDADE": "CAXIAS DO SUL", "ESTADO": "RS", "CEP": "55555-123"}'),
    (4, 'LUCAS RIBEIRO', '+55 (51) 99888-9999', '{"LOGRADOURO": "RUA 13 DE MAIO", "NUMERO": "1596", "BAIRRO": "CENTRO", "COMPLEMENTO": "NO CRUZAMENTO DA AVENIDA RIO BRANCO", "CIDADE": "CANOAS", "ESTADO": "RS", "CEP": "33333-888"}'),
    (5, 'WILLIAN WIEGAND', '+55 (53) 99444-5555', '{"LOGRADOURO": "RUA 25 DE MARÇO", "NUMERO": "721", "BAIRRO": "NAVEGANTES", "COMPLEMENTO": "PRÓXIMO À AVENIDA PAULISTA", "CIDADE": "GRAVATAÍ", "ESTADO": "RS", "CEP": "77777-444"}'),
    (6, 'GABRIEL ROCHA', '+55 (54) 98222-3333', '{"LOGRADOURO": "RUA VITORIANO JOSÉ CENTENO", "NUMERO": "1234", "BAIRRO": "CENTRO HISTÓRICO", "COMPLEMENTO": "NO FINAL DA RUA 25 DE MARÇO", "CIDADE": "RS", "ESTADO": "ESTADO X", "CEP": "11111-222"}'),
    (7, 'ANNA CLARA', '+55 (54) 98666-7777', '{"LOGRADOURO": "RUA ÁLVARO CHAVES", "NUMERO": "564", "BAIRRO": "SÃO PELEGRINO", "COMPLEMENTO": "NAS REDONDEZAS DA AVENIDA COPACABANA", "CIDADE": "VIAMÃO", "ESTADO": "RS", "CEP": "55555-666"}'),
    (8, 'FABRICIO BARTZ', '+55 (53) 98888-7777', '{"LOGRADOURO": "AVENIDA JOSÉ LOUREIRO DA SILVA", "NUMERO": "1045", "BAIRRO": "CENTRO", "COMPLEMENTO": "NA ESQUINA DA RUA DA PAZ", "CIDADE": "NOVO HAMBURGO", "ESTADO": "RS", "CEP": "99999-888"}'),
    (9, 'RAFAEL FREITAS', '+55 (51) 99333-2222', '{"LOGRADOURO": "RUA TIRADENTES", "NUMERO": "1955", "BAIRRO": "FRAGATA", "COMPLEMENTO": "AO LADO DA AVENIDA BEIRA-MAR", "CIDADE": "SÃO LEOPOLDO", "ESTADO": "RS", "CEP": "44444-333"}'),
    (10, 'VINICIUS MUNCHOW', '+55 (53) 99888-9999', '{"LOGRADOURO": "RUA MAJOR LÚCIO MEIRELLES", "NUMERO": "376", "BAIRRO": "CENTRO", "COMPLEMENTO": "NO CORAÇÃO DA RUA AUGUSTA", "CIDADE": "RIO GRANDE", "ESTADO": "RS", "CEP": "77777-888"}'),
    (11, 'BRUNO BITTENCOURT', '+55 (51) 98999-1111', '{"LOGRADOURO": "RUA TIRADENTES", "NUMERO": "643", "BAIRRO": "CENTRO", "COMPLEMENTO": "EM FRENTE À PRAÇA DA LIBERDADE", "CIDADE": "PASSO FUNDO", "ESTADO": "RS", "CEP": "55555-999"}'),
    (12, 'GUSTAVO REHBEIN', '+55 (54) 98456-7890', '{"LOGRADOURO": "RUA DOM PEDRO II", "NUMERO": "1778", "BAIRRO": "PARTENON", "COMPLEMENTO": "NA MARGEM DA AVENIDA COSTEIRA", "CIDADE": "SAPUCAIA DO SUL", "ESTADO": "RS", "CEP": "12345-678"}'),
    (13, 'ÉMERSON LOPES', '+55 (51) 99654-3210', '{"LOGRADOURO": "AVENIDA VOLUNTÁRIOS DA PÁTRIA", "NUMERO": "819", "BAIRRO": "BELA VISTA", "COMPLEMENTO": "ENTRE A TELLES E A TIRADENTES", "CIDADE": "URUGUAIANA", "ESTADO": "RS", "CEP": "98765-432"}');

INSERT INTO ingrediente (codigo, nome, fornecedor) VALUES
    (1, 'ALCAPARRA', 1),
    (2, 'ALHO', 2),
    (3, 'ASPARGO', 3),
    (4, 'ATUM', 4),
    (5, 'AZEITONA PRETA', 5),
    (6, 'AZEITONA VERDE', 5),
    (7, 'BACON', 6),
    (8, 'BATATA PALHA', 7),
    (9, 'BROCOLIS', 8),
    (10, 'CALABRESA', 9),
    (11, 'CAMARAO', 10),
    (12, 'CATUPIRY', 11),
    (13, 'CEBOLA', 12),
    (14, 'CHARQUE', 13),
    (15, 'CHEDDAR', 1),
    (16, 'COGUMELO', 2),
    (17, 'CORACAO DE FRANGO', 3),
    (18, 'ERVILHA', 4),
    (19, 'ESPINAFRE', 5),
    (20, 'GORGONZOLA', 6),
    (21, 'GUIZADO DE RES', 7),
    (22, 'LOMBO CANADENSE', 8),
    (23, 'LOMBO DE PORCO', 9),
    (24, 'MANGERONA', 10),
    (25, 'MILHO', 11),
    (26, 'MUSSARELA', 12),
    (27, 'OVO DE CODORNA', 13),
    (28, 'OVO DE GALINHA', 1),
    (29, 'PALMITO', 2),
    (30, 'PEITO DE FRANGO', 3),
    (31, 'PEITO DE PERU', 4),
    (32, 'PEPERONE', 5),
    (33, 'PIMENTAO', 6),
    (34, 'PRESUNTO', 7),
    (35, 'PRESUNTO DE PARMA', 8),
    (36, 'PROVOLONE', 9),
    (37, 'RUCULA', 10),
    (38, 'SALAME', 11),
    (39, 'TOMATE', 12),
    (40, 'TOMATE SECO', 13),
    (41, 'ABACAXI', 1),
    (42, 'AMEIXA PRETA PASSA', 2),
    (43, 'BANANA', 3),
    (44, 'BOMBOM', 4),
    (45, 'CANELA', 5),
    (46, 'CEREJA', 6),
    (47, 'CHANTILY', 7),
    (48, 'CHOCOLATE BRANCO', 8),
    (49, 'CHOCOLATE GRANULADO', 9),
    (50, 'CHOCOLATE PRETO AO LEITE', 10),
    (51, 'CHOCOLATE PRETO MEIO AMARGO', 11),
    (52, 'COCO', 12),
    (53, 'CONFEITOS DE CHOCOLATE', 13),
    (54, 'DAMASCO', 1),
    (55, 'DOCE DE LEITE', 2),
    (56, 'FIGO', 3),
    (57, 'FIOS DE OVOS', 4),
    (58, 'FUNCHO', 5),
    (59, 'GELEIA DE FRUTAS VERMELHAS', 6),
    (60, 'GELEIA DE MAÇA', 7),
    (61, 'GOIABADA', 8),
    (62, 'HORTELÃ', 9),
    (63, 'KIWI', 10),
    (64, 'LEITE CONDENSADO', 11),
    (65, 'MAÇÃ', 12),
    (66, 'MERENGUE', 13),
    (67, 'MORANGO', 1),
    (68, 'MUSSARELA', 2),
    (69, 'NOZES', 3),
    (70, 'NUTELA', 4),
    (71, 'PÊSSEGO', 5),
    (72, 'UVA', 6),
    (73, 'UVA PASSA', 7);

INSERT INTO sabor (codigo, nome, tipo) VALUES
    (1, 'TUNISIA', 3),
    (2, 'SAN MARINO', 1),
    (3, 'MOLDAVIA', 1),
    (4, 'GANA', 3),
    (5, 'ESCOCIA', 2),
    (6, 'FILIPINAS', 2),
    (7, 'REPUBLICA DOMINICANA', 3),
    (8, 'HOLANDA', 3),
    (9, 'VENEZUELA', 2),
    (10, 'TURCOMENISTAO', 2),
    (11, 'LIBIA', 3),
    (12, 'CANADA', 3),
    (13, 'BOSNIA-HERZEGOVINA', 3),
    (14, 'REPUBLICA CENTROAFRICANA', 1),
    (15, 'COTE DIVOIRE', 3),
    (16, 'AZERBAIDJAO', 3),
    (17, 'LETONIA', 1),
    (18, 'NORUEGA', 2),
    (19, 'SUICA', 1),
    (20, 'KUAITE', 2),
    (21, 'BAREM', 1),
    (22, 'AUSTRALIA', 3),
    (23, 'FINLANDIA', 3),
    (24, 'POLONIA', 2),
    (25, 'TCHECO-ESLOVAQUIA', 1);

INSERT INTO marca (codigo, nome, fornecedor, preco) VALUES
    (1, 'Coca-Cola', 1, 4.99),
    (2, 'Pepsi', 2, 4.99),
    (3, 'Guaraná Antarctica', 3, 4.99),
    (4, 'Sprite', 4, 4.99),
    (5, 'Fanta Laranja', 5, 4.99),
    (6, 'Água Mineral', 6, 2.99),
    (7, 'Suco de Laranja', 7, 6.99),
    (8, 'Suco de Maçã', 8, 6.99),
    (9, 'Suco de Uva', 9, 6.99),
    (10, 'Suco de Morango', 10, 6.99),
    (11, 'Suco de Abacaxi', 11, 6.99),
    (12, 'Chá Gelado de Pêssego', 12, 3.99),
    (13, 'Chá Gelado de Limão', 13, 3.99);

INSERT INTO borda (codigo, nome, preco) VALUES
    (1, 'CATUPIRY', 2.00),
    (2, 'CHEDDAR', 2.50),
    (3, 'GORGONZOLA', 3.50),
    (4, 'DOCE DE LEITE', 3.00),
    (5, 'LEITE CONDENCADO', 3.00);

INSERT INTO mesa (codigo, nome) VALUES
    (1, '1A'),
    (2, '1B'),
    (3, '1C'),
    (4, '2A'),
    (5, '2B'),
    (6, '2C'),
    (7, '3A'),
    (8, '3B'),
    (9, '3C'),
    (10, '4A'),
    (11, '4B'),
    (12, '4C'),
    (13, '5A'),
    (14, '5B'),
    (15, '5C');

INSERT INTO saboringrediente (sabor, ingrediente) VALUES
    (1, 58),
    (1, 42),
    (1, 60),
    (1, 47),
    (1, 53),
    (1, 48),
    (2, 15),
    (2, 28),
    (2, 33),
    (2, 17),
    (2, 22),
    (3, 35),
    (3, 12),
    (3, 22),
    (3, 21),
    (3, 33),
    (3, 13),
    (3, 4),
    (3, 34),
    (4, 52),
    (4, 59),
    (4, 46),
    (4, 53),
    (4, 58),
    (4, 60),
    (4, 71),
    (4, 57),
    (5, 38),
    (5, 10),
    (5, 2),
    (5, 39),
    (5, 25),
    (6, 12),
    (6, 36),
    (6, 15),
    (6, 1),
    (6, 31),
    (6, 24),
    (7, 41),
    (7, 46),
    (7, 48),
    (7, 45),
    (7, 60),
    (7, 54),
    (7, 66),
    (7, 59),
    (8, 44),
    (8, 50),
    (8, 62),
    (8, 55),
    (8, 68),
    (8, 48),
    (9, 34),
    (9, 3),
    (9, 37),
    (9, 33),
    (9, 21),
    (9, 2),
    (10, 4),
    (10, 39),
    (10, 30),
    (10, 35),
    (10, 32),
    (11, 41),
    (11, 44),
    (11, 55),
    (11, 65),
    (11, 54),
    (11, 61),
    (12, 68),
    (12, 53),
    (12, 52),
    (12, 61),
    (13, 44),
    (13, 45),
    (13, 73),
    (13, 42),
    (13, 58),
    (13, 60),
    (13, 46),
    (13, 56),
    (13, 49),
    (14, 10),
    (14, 21),
    (14, 7),
    (14, 31),
    (15, 68),
    (15, 42),
    (15, 44),
    (15, 56),
    (15, 64),
    (15, 54),
    (15, 52),
    (15, 71),
    (16, 41),
    (16, 69),
    (16, 44),
    (17, 26),
    (17, 29),
    (17, 33),
    (17, 10),
    (18, 23),
    (18, 1),
    (18, 2),
    (18, 28),
    (18, 7),
    (18, 25),
    (19, 11),
    (19, 15),
    (19, 18),
    (19, 1),
    (20, 33),
    (20, 25),
    (20, 6),
    (20, 11),
    (20, 4),
    (20, 23),
    (20, 1),
    (21, 6),
    (21, 29),
    (21, 1),
    (21, 37),
    (21, 17),
    (21, 2),
    (21, 35),
    (21, 38),
    (21, 32),
    (22, 44),
    (22, 49),
    (22, 72),
    (22, 65),
    (22, 48),
    (23, 58),
    (23, 56),
    (23, 64),
    (23, 70),
    (23, 69),
    (23, 55),
    (23, 60),
    (24, 36),
    (24, 38),
    (24, 17),
    (24, 20),
    (24, 21),
    (24, 24),
    (24, 25),
    (25, 7),
    (25, 28),
    (25, 11);

INSERT INTO precoportamanho (tipo, tamanho, preco) VALUES
    (1, 'P', 64.00),
    (1, 'M', 73.00),
    (1, 'G', 82.00),
    (1, 'F', 91.00),
    (2, 'P', 66.00),
    (2, 'M', 76.00),
    (2, 'G', 86.00),
    (2, 'F', 96.00),
    (3, 'P', 68.00),
    (3, 'M', 75.00),
    (3, 'G', 82.00),
    (3, 'F', 89.00);

INSERT INTO comanda (numero, data, mesa, pago) VALUES
    (1, '2022-11-10', 3, true),
    (2, '2022-11-10', 14, false),
    (3, '2022-11-10', 13, true),
    (4, '2022-11-10', 1, false),
    (5, '2022-11-10', 9, true),
    (6, '2022-11-10', 4, false),
    (7, '2022-11-10', 2, true),
    (8, '2022-11-10', 13, false),
    (9, '2022-11-10', 2, true),
    (10, '2022-11-10', 3, false),
    (11, '2022-11-10', 3, true),
    (12, '2022-11-10', 3, false),
    (13, '2022-11-10', 7, true),
    (14, '2022-11-10', 14, false),
    (15, '2022-11-11', 4, true),
    (16, '2022-11-11', 3, false),
    (17, '2022-11-11', 9, true),
    (18, '2022-11-11', 13, false),
    (19, '2022-11-11', 9, true),
    (20, '2022-11-11', 9, true),
    (21, '2022-11-11', 3, false),
    (22, '2022-11-12', 8, true),
    (23, '2022-11-12', 15, false),
    (24, '2022-11-12', 6, true),
    (25, '2022-11-12', 7, true),
    (26, '2022-11-12', 5, true),
    (27, '2022-11-12', 7, true),
    (28, '2022-11-12', 14, true),
    (29, '2022-11-12', 13, true),
    (30, '2022-11-12', 10, true),
    (31, '2022-11-12', 14, true),
    (32, '2022-11-12', 8, true),
    (33, '2022-11-12', 8, true),
    (34, '2022-11-12', 11, true),
    (35, '2022-11-12', 10, true),
    (36, '2022-11-13', 13, true),
    (37, '2022-11-13', 5, true),
    (38, '2022-11-13', 15, true),
    (39, '2022-11-13', 6, true),
    (40, '2022-11-14', 10, true),
    (41, '2022-11-14', 9, true),
    (42, '2022-11-14', 10, true),
    (43, '2022-11-14', 10, true),
    (44, '2022-11-14', 3, true),
    (45, '2022-11-14', 4, true),
    (46, '2022-11-14', 15, true),
    (47, '2022-11-15', 10, true),
    (48, '2022-11-15', 11, true),
    (49, '2022-11-15', 8, true),
    (50, '2022-11-15', 10, true),
    (51, '2022-11-16', 9, true),
    (52, '2022-11-16', 10, true),
    (53, '2022-11-16', 10, true),
    (54, '2022-11-16', 11, true),
    (55, '2022-11-16', 1, true),
    (56, '2022-11-16', 6, true),
    (57, '2022-11-16', 3, true),
    (58, '2022-11-16', 14, true),
    (59, '2022-11-16', 9, true),
    (60, '2022-11-16', 13, true),
    (61, '2022-11-16', 13, true),
    (62, '2022-11-17', 14, true),
    (63, '2022-11-17', 14, true),
    (64, '2022-11-17', 5, true),
    (65, '2022-11-17', 3, true),
    (66, '2022-11-17', 12, true),
    (67, '2022-11-17', 2, true),
    (68, '2022-11-17', 10, true),
    (69, '2022-11-17', 1, true),
    (70, '2022-11-17', 7, true),
    (71, '2022-11-17', 7, true),
    (72, '2022-11-18', 9, true),
    (73, '2022-11-18', 3, true),
    (74, '2022-11-18', 5, true),
    (75, '2022-11-18', 15, true),
    (76, '2022-11-18', 10, true),
    (77, '2022-11-18', 8, true),
    (78, '2022-11-18', 2, true),
    (79, '2022-11-18', 12, true),
    (80, '2022-11-18', 3, true),
    (81, '2022-11-18', 11, true),
    (82, '2022-11-18', 8, true),
    (83, '2022-11-18', 2, true),
    (84, '2022-11-18', 5, true),
    (85, '2022-11-18', 15, true),
    (86, '2022-11-18', 1, true),
    (87, '2022-11-18', 3, true),
    (88, '2022-11-18', 14, true),
    (89, '2022-11-18', 3, true),
    (90, '2022-11-19', 14, true),
    (91, '2022-11-19', 10, true),
    (92, '2022-11-19', 7, true),
    (93, '2022-11-19', 4, true),
    (94, '2022-11-19', 9, true),
    (95, '2022-11-20', 4, true),
    (96, '2022-11-20', 5, true),
    (97, '2022-11-20', 12, true),
    (98, '2022-11-20', 9, true),
    (99, '2022-11-20', 11, true),
    (100, '2022-11-20', 13, true);

INSERT INTO bebida (codigo, comanda) VALUES
    (1, 1),
    (2, 1),
    (3, 2),
    (4, 2),
    (5, 3),
    (6, 4),
    (7, 4),
    (8, 4),
    (9, 5),
    (10, 5),
    (11, 5),
    (12, 6),
    (13, 7),
    (14, 8),
    (15, 8),
    (16, 8),
    (17, 9),
    (18, 9),
    (19, 10),
    (20, 11),
    (21, 12),
    (22, 12),
    (23, 13),
    (24, 13),
    (25, 14),
    (26, 14),
    (27, 15),
    (28, 15),
    (29, 15),
    (30, 16),
    (31, 16),
    (32, 17),
    (33, 17),
    (34, 18),
    (35, 19),
    (36, 20),
    (37, 20),
    (38, 21),
    (39, 22),
    (40, 22),
    (41, 22),
    (42, 23),
    (43, 23),
    (44, 23),
    (45, 24),
    (46, 24),
    (47, 25),
    (48, 25),
    (49, 25),
    (50, 26),
    (51, 27),
    (52, 27),
    (53, 27),
    (54, 28),
    (55, 28),
    (56, 28),
    (57, 29),
    (58, 29),
    (59, 30),
    (60, 30),
    (61, 30),
    (62, 31),
    (63, 31),
    (64, 31),
    (65, 32),
    (66, 32),
    (67, 32),
    (68, 33),
    (69, 33),
    (70, 33),
    (71, 34),
    (72, 34),
    (73, 35),
    (74, 35),
    (75, 35),
    (76, 36),
    (77, 36),
    (78, 36),
    (79, 37),
    (80, 38),
    (81, 38),
    (82, 38),
    (83, 39),
    (84, 39),
    (85, 40),
    (86, 40),
    (87, 40),
    (88, 41),
    (89, 41),
    (90, 41),
    (91, 42),
    (92, 42),
    (93, 42),
    (94, 43),
    (95, 43),
    (96, 43),
    (97, 44),
    (98, 44),
    (99, 44),
    (100, 45),
    (101, 45),
    (102, 46),
    (103, 47),
    (104, 47),
    (105, 47),
    (106, 48),
    (107, 48),
    (108, 49),
    (109, 50),
    (110, 50),
    (111, 50),
    (112, 51),
    (113, 51),
    (114, 52),
    (115, 53),
    (116, 54),
    (117, 54),
    (118, 55),
    (119, 55),
    (120, 56),
    (121, 56),
    (122, 56),
    (123, 57),
    (124, 57),
    (125, 58),
    (126, 58),
    (127, 59),
    (128, 59),
    (129, 60),
    (130, 60),
    (131, 61),
    (132, 61),
    (133, 61),
    (134, 62),
    (135, 62),
    (136, 62),
    (137, 63),
    (138, 63),
    (139, 64),
    (140, 64),
    (141, 64),
    (142, 65),
    (143, 65),
    (144, 65),
    (145, 66),
    (146, 67),
    (147, 67),
    (148, 68),
    (149, 69),
    (150, 70),
    (151, 71),
    (152, 71),
    (153, 72),
    (154, 72),
    (155, 72),
    (156, 73),
    (157, 73),
    (158, 73),
    (159, 74),
    (160, 75),
    (161, 76),
    (162, 76),
    (163, 77),
    (164, 78),
    (165, 79),
    (166, 79),
    (167, 80),
    (168, 80),
    (169, 80),
    (170, 81),
    (171, 81),
    (172, 82),
    (173, 83),
    (174, 83),
    (175, 84),
    (176, 85),
    (177, 85),
    (178, 86),
    (179, 86),
    (180, 87),
    (181, 87),
    (182, 88),
    (183, 88),
    (184, 89),
    (185, 90),
    (186, 90),
    (187, 91),
    (188, 91),
    (189, 92),
    (190, 92),
    (191, 92),
    (192, 93),
    (193, 94),
    (194, 95),
    (195, 95),
    (196, 96),
    (197, 96),
    (198, 96),
    (199, 97),
    (200, 97),
    (201, 97),
    (202, 98),
    (203, 98),
    (204, 98),
    (205, 99),
    (206, 100),
    (207, 100),
    (208, 100);

INSERT INTO bebidamarca (bebida, marca) VALUES
    (1, 7),
    (1, 5),
    (1, 8),
    (2, 9),
    (3, 11),
    (3, 4),
    (4, 12),
    (4, 9),
    (5, 13),
    (5, 7),
    (6, 6),
    (7, 11),
    (8, 9),
    (8, 6),
    (9, 5),
    (10, 13),
    (10, 11),
    (11, 7),
    (12, 12),
    (13, 10),
    (13, 5),
    (14, 10),
    (14, 11),
    (15, 6),
    (15, 13),
    (15, 9),
    (15, 5),
    (16, 12),
    (17, 13),
    (18, 5),
    (18, 12),
    (19, 10),
    (20, 8),
    (21, 5),
    (22, 13),
    (23, 10),
    (24, 13),
    (24, 1),
    (25, 13),
    (25, 9),
    (26, 9),
    (27, 7),
    (27, 13),
    (27, 10),
    (28, 13),
    (28, 3),
    (29, 10),
    (30, 13),
    (30, 9),
    (31, 4),
    (32, 11),
    (32, 6),
    (32, 13),
    (33, 1),
    (34, 13),
    (34, 10),
    (34, 12),
    (35, 8),
    (36, 5),
    (36, 11),
    (37, 12),
    (37, 5),
    (38, 13),
    (38, 10),
    (39, 9),
    (40, 6),
    (41, 8),
    (42, 12),
    (42, 10),
    (42, 11),
    (43, 11),
    (43, 12),
    (44, 3),
    (44, 12),
    (45, 9),
    (45, 8),
    (45, 5),
    (46, 4),
    (47, 6),
    (47, 7),
    (47, 8),
    (47, 10),
    (48, 12),
    (49, 7),
    (50, 7),
    (51, 10),
    (52, 10),
    (53, 1),
    (54, 9),
    (54, 7),
    (54, 6),
    (55, 6),
    (56, 13),
    (57, 12),
    (57, 10),
    (58, 11),
    (58, 10),
    (59, 5),
    (60, 2),
    (60, 12),
    (61, 10),
    (61, 4),
    (61, 12),
    (62, 5),
    (62, 12),
    (63, 7),
    (64, 10),
    (65, 7),
    (65, 12),
    (65, 8),
    (65, 13),
    (66, 12),
    (67, 1),
    (68, 3),
    (68, 5),
    (69, 10),
    (70, 6),
    (71, 10),
    (72, 10),
    (72, 2),
    (72, 3),
    (72, 12),
    (73, 7),
    (73, 1),
    (74, 13),
    (74, 12),
    (74, 11),
    (75, 3),
    (75, 13),
    (76, 12),
    (77, 13),
    (78, 12),
    (78, 2),
    (79, 13),
    (80, 12),
    (80, 9),
    (80, 10),
    (81, 13),
    (81, 1),
    (81, 3),
    (82, 13),
    (82, 9),
    (83, 12),
    (84, 13),
    (84, 12),
    (85, 11),
    (85, 5),
    (85, 13),
    (85, 12),
    (86, 10),
    (87, 13),
    (88, 13),
    (88, 12),
    (88, 1),
    (88, 5),
    (89, 12),
    (90, 13),
    (91, 12),
    (92, 5),
    (92, 9),
    (93, 12),
    (94, 12),
    (94, 7),
    (94, 13),
    (95, 13),
    (96, 3),
    (96, 13),
    (97, 7),
    (97, 13),
    (98, 13),
    (99, 6),
    (100, 12),
    (100, 10),
    (100, 5),
    (100, 6),
    (101, 12),
    (102, 10),
    (103, 1),
    (104, 10),
    (104, 12),
    (104, 4),
    (105, 10),
    (105, 1),
    (106, 12),
    (107, 7),
    (107, 4),
    (108, 12),
    (108, 8),
    (109, 5),
    (109, 12),
    (110, 11),
    (111, 12),
    (111, 8),
    (112, 10),
    (113, 12),
    (113, 7),
    (113, 13),
    (114, 12),
    (115, 2),
    (116, 12),
    (117, 13),
    (118, 12),
    (118, 7),
    (119, 3),
    (119, 11),
    (119, 12),
    (120, 13),
    (121, 12),
    (122, 2),
    (122, 12),
    (123, 6),
    (123, 1),
    (123, 12),
    (124, 13),
    (124, 2),
    (125, 12),
    (126, 9),
    (127, 11),
    (128, 10),
    (129, 12),
    (130, 3),
    (131, 10),
    (131, 13),
    (131, 12),
    (132, 1),
    (132, 12),
    (133, 12),
    (133, 13),
    (134, 12),
    (134, 11),
    (134, 9),
    (134, 7),
    (135, 12),
    (136, 13),
    (136, 12),
    (137, 8),
    (138, 3),
    (138, 13),
    (138, 12),
    (139, 8),
    (140, 6),
    (140, 4),
    (141, 12),
    (141, 10),
    (142, 13),
    (142, 12),
    (143, 8),
    (143, 13),
    (143, 1),
    (144, 8),
    (144, 10),
    (145, 10),
    (145, 12),
    (146, 5),
    (147, 13),
    (148, 13),
    (148, 8),
    (148, 12),
    (148, 9),
    (149, 13),
    (150, 12),
    (151, 6),
    (152, 9),
    (153, 11),
    (153, 12),
    (154, 12),
    (154, 3),
    (155, 9),
    (156, 2),
    (157, 12),
    (158, 13),
    (158, 12),
    (159, 10),
    (160, 10),
    (161, 5),
    (162, 13),
    (163, 1),
    (163, 4),
    (164, 13),
    (164, 12),
    (164, 5),
    (165, 8),
    (166, 13),
    (167, 1),
    (168, 13),
    (168, 10),
    (169, 5),
    (170, 12),
    (171, 7),
    (171, 12),
    (172, 13),
    (172, 12),
    (173, 9),
    (173, 10),
    (173, 12),
    (173, 13),
    (174, 13),
    (174, 2),
    (175, 9),
    (176, 13),
    (176, 2),
    (177, 12),
    (178, 4),
    (179, 6),
    (179, 5),
    (180, 13),
    (180, 12),
    (181, 13),
    (182, 12),
    (183, 12),
    (184, 12),
    (185, 12),
    (186, 13),
    (187, 13),
    (187, 10),
    (188, 12),
    (189, 3),
    (190, 13),
    (191, 1),
    (191, 2),
    (191, 6),
    (192, 8),
    (193, 13),
    (193, 3),
    (194, 7),
    (195, 12),
    (195, 11),
    (195, 3),
    (196, 11),
    (196, 4),
    (197, 13),
    (198, 11),
    (198, 13),
    (199, 11),
    (199, 7),
    (199, 12),
    (200, 11),
    (200, 13),
    (200, 12),
    (201, 5),
    (201, 13),
    (202, 13),
    (203, 4),
    (203, 5),
    (204, 8),
    (205, 13),
    (206, 3),
    (206, 7),
    (206, 12),
    (206, 13),
    (207, 13),
    (207, 12),
    (208, 12);

INSERT INTO pizza (codigo, comanda, tamanho, borda) VALUES
    (1, 1, 'G', 4),
    (2, 1, 'P', 5),
    (3, 2, 'M', 1),
    (4, 2, 'F', 4),
    (5, 3, 'G', null),
    (6, 4, 'G', 4),
    (7, 4, 'P', 3),
    (8, 4, 'F', null),
    (9, 5, 'M', null),
    (10, 5, 'M', 2),
    (11, 5, 'M', 3),
    (12, 6, 'M', null),
    (13, 7, 'M', 2),
    (14, 8, 'F', 5),
    (15, 8, 'F', 3),
    (16, 8, 'F', 1),
    (17, 9, 'M', 3),
    (18, 9, 'F', 5),
    (19, 10, 'P', null),
    (20, 11, 'G', 1),
    (21, 12, 'P', null),
    (22, 12, 'F', null),
    (23, 13, 'P', 1),
    (24, 13, 'M', 5),
    (25, 14, 'G', null),
    (26, 14, 'M', 5),
    (27, 15, 'G', null),
    (28, 15, 'M', null),
    (29, 15, 'P', null),
    (30, 16, 'G', null),
    (31, 16, 'G', null),
    (32, 17, 'F', 5),
    (33, 17, 'M', 5),
    (34, 18, 'G', null),
    (35, 19, 'G', null),
    (36, 20, 'M', 5),
    (37, 20, 'M', 2),
    (38, 21, 'G', 3),
    (39, 22, 'F', 3),
    (40, 22, 'P', null),
    (41, 22, 'M', 3),
    (42, 23, 'G', null),
    (43, 23, 'F', 3),
    (44, 23, 'F', null),
    (45, 24, 'F', 1),
    (46, 24, 'M', 5),
    (47, 25, 'F', null),
    (48, 25, 'P', null),
    (49, 25, 'G', null),
    (50, 26, 'P', 3),
    (51, 27, 'G', null),
    (52, 27, 'P', null),
    (53, 27, 'M', 1),
    (54, 28, 'F', null),
    (55, 28, 'M', 5),
    (56, 28, 'P', 1),
    (57, 29, 'M', null),
    (58, 29, 'G', null),
    (59, 30, 'P', null),
    (60, 30, 'G', null),
    (61, 30, 'F', 2),
    (62, 31, 'G', 1),
    (63, 31, 'P', null),
    (64, 31, 'P', null),
    (65, 32, 'F', 4),
    (66, 32, 'P', 3),
    (67, 32, 'M', 4),
    (68, 33, 'G', 4),
    (69, 33, 'P', 4),
    (70, 33, 'P', null),
    (71, 34, 'P', 1),
    (72, 34, 'F', null),
    (73, 35, 'F', 4),
    (74, 35, 'G', 3),
    (75, 35, 'M', 3),
    (76, 36, 'F', null),
    (77, 36, 'P', 2),
    (78, 36, 'M', 5),
    (79, 37, 'F', null),
    (80, 38, 'G', null),
    (81, 38, 'F', 3),
    (82, 38, 'M', 5),
    (83, 39, 'G', 2),
    (84, 39, 'F', 1),
    (85, 40, 'F', 5),
    (86, 40, 'G', 2),
    (87, 40, 'P', 3),
    (88, 41, 'F', null),
    (89, 41, 'P', null),
    (90, 41, 'P', 3),
    (91, 42, 'G', 5),
    (92, 42, 'G', null),
    (93, 42, 'F', null),
    (94, 43, 'F', 2),
    (95, 43, 'P', null),
    (96, 43, 'M', 1),
    (97, 44, 'F', 2),
    (98, 44, 'G', 1),
    (99, 44, 'P', 3),
    (100, 45, 'F', null),
    (101, 45, 'M', null),
    (102, 46, 'P', 5),
    (103, 47, 'G', 1),
    (104, 47, 'F', null),
    (105, 47, 'M', 1),
    (106, 48, 'F', 3),
    (107, 48, 'G', null),
    (108, 49, 'F', 1),
    (109, 50, 'G', 4),
    (110, 50, 'P', null),
    (111, 50, 'M', 2),
    (112, 51, 'M', null),
    (113, 51, 'G', null),
    (114, 52, 'M', 4),
    (115, 53, 'P', 1),
    (116, 54, 'P', 4),
    (117, 54, 'G', null),
    (118, 55, 'M', null),
    (119, 55, 'G', 3),
    (120, 56, 'G', null),
    (121, 56, 'M', null),
    (122, 56, 'F', null),
    (123, 57, 'F', 4),
    (124, 57, 'G', null),
    (125, 58, 'P', null),
    (126, 58, 'F', null),
    (127, 59, 'P', null),
    (128, 59, 'P', null),
    (129, 60, 'M', 4),
    (130, 60, 'M', null),
    (131, 61, 'G', null),
    (132, 61, 'M', null),
    (133, 61, 'G', 3),
    (134, 62, 'F', 2),
    (135, 62, 'M', null),
    (136, 62, 'M', 5),
    (137, 63, 'M', 1),
    (138, 63, 'G', null),
    (139, 64, 'M', null),
    (140, 64, 'F', 5),
    (141, 64, 'M', null),
    (142, 65, 'M', 1),
    (143, 65, 'G', null),
    (144, 65, 'M', null),
    (145, 66, 'M', 3),
    (146, 67, 'M', 3),
    (147, 67, 'G', 5),
    (148, 68, 'F', null),
    (149, 69, 'P', 1),
    (150, 70, 'G', 5),
    (151, 71, 'P', null),
    (152, 71, 'G', null),
    (153, 72, 'G', 1),
    (154, 72, 'F', null),
    (155, 72, 'M', 5),
    (156, 73, 'M', null),
    (157, 73, 'P', 1),
    (158, 73, 'M', null),
    (159, 74, 'G', 1),
    (160, 75, 'F', null),
    (161, 76, 'M', null),
    (162, 76, 'M', 2),
    (163, 77, 'G', 5),
    (164, 78, 'G', null),
    (165, 79, 'M', 5),
    (166, 79, 'P', null),
    (167, 80, 'P', 1),
    (168, 80, 'F', 3),
    (169, 80, 'P', 1),
    (170, 81, 'M', 4),
    (171, 81, 'F', 3),
    (172, 82, 'M', null),
    (173, 83, 'F', null),
    (174, 83, 'M', 1),
    (175, 84, 'F', null),
    (176, 85, 'M', 2),
    (177, 85, 'P', null),
    (178, 86, 'F', 1),
    (179, 86, 'G', null),
    (180, 87, 'F', 1),
    (181, 87, 'P', 4),
    (182, 88, 'P', null),
    (183, 88, 'M', 3),
    (184, 89, 'M', null),
    (185, 90, 'M', 1),
    (186, 90, 'P', null),
    (187, 91, 'M', 4),
    (188, 91, 'P', 5),
    (189, 92, 'P', null),
    (190, 92, 'P', 3),
    (191, 92, 'F', 5),
    (192, 93, 'P', 2),
    (193, 94, 'M', null),
    (194, 95, 'M', null),
    (195, 95, 'F', null),
    (196, 96, 'M', 2),
    (197, 96, 'P', null),
    (198, 96, 'M', 3),
    (199, 97, 'F', 5),
    (200, 97, 'F', 4),
    (201, 97, 'F', 1),
    (202, 98, 'G', 5),
    (203, 98, 'M', null),
    (204, 98, 'F', 4),
    (205, 99, 'F', null),
    (206, 100, 'F', 1),
    (207, 100, 'G', null),
    (208, 100, 'P', null);

INSERT INTO pizzasabor (pizza, sabor) VALUES
    (1, 24),
    (1, 5),
    (1, 8),
    (2, 9),
    (3, 11),
    (3, 14),
    (4, 16),
    (4, 9),
    (5, 15),
    (5, 7),
    (6, 6),
    (7, 11),
    (8, 18),
    (8, 6),
    (9, 5),
    (10, 17),
    (10, 15),
    (11, 17),
    (12, 12),
    (13, 10),
    (13, 5),
    (14, 22),
    (14, 21),
    (15, 6),
    (15, 13),
    (15, 9),
    (15, 5),
    (16, 22),
    (17, 23),
    (18, 14),
    (18, 23),
    (19, 25),
    (20, 8),
    (21, 14),
    (22, 13),
    (23, 10),
    (24, 21),
    (24, 1),
    (25, 13),
    (25, 9),
    (26, 9),
    (27, 7),
    (27, 23),
    (27, 25),
    (28, 23),
    (28, 3),
    (29, 21),
    (30, 25),
    (30, 9),
    (31, 4),
    (32, 11),
    (32, 6),
    (32, 15),
    (33, 1),
    (34, 25),
    (34, 21),
    (34, 12),
    (35, 8),
    (36, 5),
    (36, 11),
    (37, 12),
    (37, 14),
    (38, 15),
    (38, 21),
    (39, 9),
    (40, 6),
    (41, 8),
    (42, 18),
    (42, 14),
    (42, 22),
    (43, 11),
    (43, 18),
    (44, 3),
    (44, 24),
    (45, 9),
    (45, 8),
    (45, 5),
    (46, 4),
    (47, 6),
    (47, 7),
    (47, 8),
    (47, 20),
    (48, 16),
    (49, 7),
    (50, 7),
    (51, 25),
    (52, 14),
    (53, 1),
    (54, 9),
    (54, 17),
    (54, 16),
    (55, 6),
    (56, 15),
    (57, 24),
    (57, 10),
    (58, 10),
    (58, 20),
    (59, 5),
    (60, 2),
    (60, 18),
    (61, 20),
    (61, 4),
    (61, 21),
    (62, 5),
    (62, 12),
    (63, 7),
    (64, 11),
    (65, 7),
    (65, 16),
    (65, 21),
    (65, 14),
    (66, 21),
    (67, 1),
    (68, 3),
    (68, 5),
    (69, 11),
    (70, 6),
    (71, 19),
    (72, 10),
    (72, 2),
    (72, 3),
    (72, 24),
    (73, 7),
    (73, 1),
    (74, 13),
    (74, 22),
    (74, 24),
    (75, 3),
    (75, 14),
    (76, 16),
    (77, 23),
    (78, 15),
    (78, 2),
    (79, 23),
    (80, 12),
    (80, 9),
    (80, 10),
    (81, 14),
    (81, 1),
    (81, 3),
    (82, 25),
    (82, 9),
    (83, 22),
    (84, 24),
    (84, 22),
    (85, 25),
    (85, 5),
    (85, 12),
    (85, 16),
    (86, 21),
    (87, 24),
    (88, 23),
    (88, 24),
    (88, 1),
    (88, 5),
    (89, 18),
    (90, 24),
    (91, 12),
    (92, 5),
    (92, 9),
    (93, 22),
    (94, 21),
    (94, 23),
    (94, 24),
    (95, 25),
    (96, 3),
    (96, 25),
    (97, 7),
    (97, 13),
    (98, 13),
    (99, 6),
    (100, 18),
    (100, 14),
    (100, 12),
    (100, 17),
    (101, 12),
    (102, 22),
    (103, 1),
    (104, 10),
    (104, 12),
    (104, 4),
    (105, 20),
    (105, 1),
    (106, 24),
    (107, 7),
    (107, 4),
    (108, 22),
    (108, 8),
    (109, 5),
    (109, 24),
    (110, 11),
    (111, 24),
    (111, 8),
    (112, 10),
    (113, 15),
    (113, 7),
    (113, 23),
    (114, 12),
    (115, 2),
    (116, 16),
    (117, 15),
    (118, 24),
    (118, 7),
    (119, 3),
    (119, 12),
    (119, 21),
    (120, 23),
    (121, 12),
    (122, 2),
    (122, 16),
    (123, 6),
    (123, 1),
    (123, 23),
    (124, 19),
    (124, 2),
    (125, 14),
    (126, 9),
    (127, 11),
    (128, 10),
    (129, 24),
    (130, 3),
    (131, 9),
    (131, 13),
    (131, 14),
    (132, 1),
    (132, 22),
    (133, 21),
    (133, 15),
    (134, 22),
    (134, 21),
    (134, 15),
    (134, 7),
    (135, 16),
    (136, 24),
    (136, 14),
    (137, 8),
    (138, 3),
    (138, 19),
    (138, 14),
    (139, 8),
    (140, 6),
    (140, 4),
    (141, 24),
    (141, 20),
    (142, 13),
    (142, 21),
    (143, 16),
    (143, 23),
    (143, 1),
    (144, 8),
    (144, 10),
    (145, 10),
    (145, 21),
    (146, 5),
    (147, 24),
    (148, 13),
    (148, 8),
    (148, 17),
    (148, 9),
    (149, 15),
    (150, 24),
    (151, 6),
    (152, 9),
    (153, 24),
    (153, 14),
    (154, 24),
    (154, 3),
    (155, 9),
    (156, 2),
    (157, 24),
    (158, 25),
    (158, 13),
    (159, 10),
    (160, 11),
    (161, 5),
    (162, 23),
    (163, 1),
    (163, 4),
    (164, 13),
    (164, 24),
    (164, 5),
    (165, 8),
    (166, 19),
    (167, 1),
    (168, 25),
    (168, 10),
    (169, 5),
    (170, 16),
    (171, 7),
    (171, 24),
    (172, 19),
    (172, 21),
    (173, 25),
    (173, 10),
    (173, 24),
    (173, 23),
    (174, 13),
    (174, 2),
    (175, 9),
    (176, 23),
    (176, 2),
    (177, 12),
    (178, 4),
    (179, 6),
    (179, 5),
    (180, 17),
    (180, 12),
    (181, 17),
    (182, 20),
    (183, 18),
    (184, 18),
    (185, 21),
    (186, 23),
    (187, 15),
    (187, 20),
    (188, 22),
    (189, 3),
    (190, 14),
    (191, 1),
    (191, 2),
    (191, 6),
    (192, 8),
    (193, 25),
    (193, 3),
    (194, 7),
    (195, 21),
    (195, 18),
    (195, 3),
    (196, 11),
    (196, 4),
    (197, 23),
    (198, 11),
    (198, 23),
    (199, 11),
    (199, 7),
    (199, 18),
    (200, 11),
    (200, 23),
    (200, 16),
    (201, 5),
    (201, 25),
    (202, 13),
    (203, 4),
    (203, 5),
    (204, 8),
    (205, 23),
    (206, 3),
    (206, 7),
    (206, 12),
    (206, 25),
    (207, 14),
    (207, 20),
    (208, 18);